{"cameraMode":{"drawMode":0,"name":"Shaded","section":"Shading Mode"},"sceneLighting":true,"audioPlay":false,"sceneViewState":{"showFog":true,"showMaterialUpdate":true,"showSkybox":true,"showFlares":true,"showImageEffects":true,"showParticleSystems":true},"in2DMode":false,"pivot":{"x":450.03204345703127,"y":140.20901489257813,"z":-26.294235229492189},"rotation":{"x":0.21169224381446839,"y":0.007329386658966541,"z":-0.001575372414663434,"w":0.9773267507553101},"size":157.7166748046875,"orthographic":false}